{
  "version": "0.2.0",
  "configurations": [
    {
      "type": "tcf-debug",
      "request": "launch",
      "name": "final_app_hw_1",
      "debugType": "baremetal-fpga",
      "attachToRunningTargetOptions": {
        "targetSetupMode": "standalone",
        "executeScript": true,
        "scriptPath": ""
      },
      "autoAttachProcessChildren": false,
      "target": {
        "targetConnectionId": "Local",
        "peersIniPath": "../../../.wsdata/.peers.ini",
        "context": "fpga"
      },
      "targetSetup": {
        "resetSystem": true,
        "programDevice": true,
        "bitstreamFile": "${workspaceFolder}\\final\\_ide\\bitstream\\base_soc_wrapperf.bit",
        "downloadElf": [
          {
            "core": "microblaze_0",
            "resetProcessor": true,
            "elfFile": "${workspaceFolder}\\final\\build\\final.elf",
            "stopAtEntry": false
          }
        ]
      },
      "internalConsoleOptions": "openOnSessionStart"
    }
  ]
}